{
  "ABIRoot": {
    "kind": "Root",
    "name": "TopLevel",
    "printedName": "TopLevel",
    "children": [
      {
        "kind": "TypeDecl",
        "name": "ThirdParty",
        "printedName": "ThirdParty",
        "children": [
          {
            "kind": "Var",
            "name": "enabled",
            "printedName": "enabled",
            "children": [
              {
                "kind": "TypeNominal",
                "name": "Bool",
                "printedName": "Swift.Bool",
                "usr": "s:Sb"
              }
            ],
            "declKind": "Var",
            "usr": "s:10ThirdPartyAAV7enabledSbvpZ",
            "mangledName": "$s10ThirdPartyAAV7enabledSbvpZ",
            "moduleName": "ThirdParty",
            "static": true,
            "declAttributes": [
              "HasInitialValue",
              "HasStorage",
              "AccessControl"
            ],
            "isLet": true,
            "hasStorage": true,
            "accessors": [
              {
                "kind": "Accessor",
                "name": "Get",
                "printedName": "Get()",
                "children": [
                  {
                    "kind": "TypeNominal",
                    "name": "Bool",
                    "printedName": "Swift.Bool",
                    "usr": "s:Sb"
                  }
                ],
                "declKind": "Accessor",
                "usr": "s:10ThirdPartyAAV7enabledSbvgZ",
                "mangledName": "$s10ThirdPartyAAV7enabledSbvgZ",
                "moduleName": "ThirdParty",
                "static": true,
                "implicit": true,
                "accessorKind": "get"
              }
            ]
          },
          {
            "kind": "Constructor",
            "name": "init",
            "printedName": "init()",
            "children": [
              {
                "kind": "TypeNominal",
                "name": "ThirdParty",
                "printedName": "ThirdParty.ThirdParty",
                "usr": "s:10ThirdPartyAAV"
              }
            ],
            "declKind": "Constructor",
            "usr": "s:10ThirdPartyAAVABycfc",
            "mangledName": "$s10ThirdPartyAAVABycfc",
            "moduleName": "ThirdParty",
            "implicit": true,
            "init_kind": "Designated"
          }
        ],
        "declKind": "Struct",
        "usr": "s:10ThirdPartyAAV",
        "mangledName": "$s10ThirdPartyAAV",
        "moduleName": "ThirdParty",
        "declAttributes": [
          "AccessControl"
        ]
      }
    ],
    "json_format_version": 8
  },
  "ConstValues": [
    {
      "filePath": "\/Users\/alexander.chapliuk\/work\/joyn\/tinkerlab\/Paxcel\/Example\/ThirdPartyPrivate\/Sources\/ThirdParty\/ThirdParty.swift",
      "kind": "BooleanLiteral",
      "offset": 59,
      "length": 4,
      "value": "true"
    }
  ]
}